193.136.191.20;88.197.53.226;0.0757060050964
198.133.224.149;192.1.249.138;0.0397448539734
198.133.224.149;129.97.74.14;0.0206367969513
212.199.61.205;193.167.187.186;0.143826007843
195.130.124.2;13.7.64.22;0.221212863922
192.1.249.138;141.20.103.211;0.116703987122
128.227.150.12;72.36.112.78;0.04176902771
195.113.161.14;192.42.43.23;0.0170578956604
193.145.46.243;193.167.187.186;0.0777108669281
193.136.191.20;195.130.124.2;0.0838329792023
192.41.135.219;192.42.43.23;0.00248003005981
88.255.99.251;193.136.191.20;0.103451967239
193.1.170.135;139.78.141.245;0.14390707016
88.255.99.251;88.197.53.226;0.0956289768219
192.41.135.219;198.133.224.149;0.152018070221
198.133.224.149;202.112.28.100;0.237470149994
192.36.94.3;160.80.221.39;0.0604958534241
85.23.168.77;CPU;0.140897755611
212.199.61.205;139.78.141.245;0.250540018082
139.30.240.192;88.197.53.226;0.0642910003662
141.20.103.211;139.30.240.192;0.00955295562744
193.167.187.186;212.235.189.115;0.0478000640869
193.157.115.251;198.133.224.149;0.140002965927
200.129.132.19;139.78.141.245;0.272262811661
212.199.61.205;193.10.64.36;0.130126953125
212.235.189.115;193.1.170.135;0.0533919334412
128.84.154.45;160.80.221.39;0.13671708107
85.23.168.77;141.20.103.211;0.0450270175934
198.133.224.149;200.0.206.137;0.179291963577
198.133.224.149;139.30.240.192;0.1304500103
150.244.58.161;192.1.249.138;0.106976032257
212.199.61.205;150.244.58.161;0.119482040405
88.255.99.251;129.69.210.97;0.0738489627838
139.78.141.245;165.91.55.10;0.0217640399933
85.23.168.77;161.106.240.18;0.0515031814575
165.91.55.10;139.30.240.192;0.145555019379
139.19.158.227;161.106.240.18;0.0466318130493
193.136.191.20;129.97.74.14;0.141165971756
165.91.55.10;193.157.115.251;0.159337997437
130.195.4.68;200.17.202.194;0.364863157272
193.145.46.243;129.97.74.14;0.152987957001
85.23.168.77;192.41.135.219;0.0500960350037
193.0.109.23;128.227.150.12;0.15863609314
212.199.61.205;136.145.115.194;0.246903896332
195.130.124.2;88.197.53.226;0.0102708339691
192.36.94.3;198.133.224.149;0.145851135254
139.78.141.245;150.244.58.161;0.153729200363
193.157.115.251;200.129.132.19;0.33861207962
139.30.240.192;212.235.189.115;0.0304429531097
193.157.115.251;72.36.112.78;0.138849973679
128.227.150.12;192.36.94.3;0.160365104675
195.130.124.2;193.0.109.23;0.0942759513855
160.80.221.39;193.1.13.12;0.0533149242401
161.106.240.18;193.1.170.135;0.0275440216064
212.199.61.205;195.113.161.14;0.120048999786
13.7.64.22;192.36.94.3;0.190647125244
200.129.132.19;192.36.94.3;0.338310003281
128.227.150.12;139.30.240.192;0.149606227875
165.91.55.10;202.112.28.100;0.208612918854
212.235.189.115;141.20.103.211;0.0413942337036
128.84.154.45;139.78.141.245;0.0433778762817
161.106.240.18;CPU;0.0196877121521
150.244.58.161;202.112.28.100;0.211944818497
193.167.187.186;193.1.13.12;0.0559611320496
193.136.191.20;128.84.154.45;0.130607843399
192.1.249.138;150.244.58.161;0.106808900833
193.0.109.23;193.145.46.243;0.0734770298004
193.136.191.20;139.30.240.192;0.0705230236053
193.167.187.186;195.113.161.14;0.0360448360443
192.36.94.3;192.42.43.23;0.0453858375549
165.91.55.10;192.36.94.3;0.162275075912
195.130.124.2;139.30.240.192;0.0752680301666
193.157.115.251;195.113.161.14;0.0328631401062
150.244.58.161;193.136.191.20;0.0194180011749
193.136.191.20;193.10.64.36;0.0767359733582
198.133.224.149;193.136.191.20;0.172744989395
195.113.161.14;160.80.221.39;0.0350999832153
193.1.170.135;129.97.74.14;0.130186080933
200.17.202.194;128.227.150.12;0.197086811066
141.20.103.211;128.227.150.12;0.144484043121
72.36.112.78;193.1.13.12;0.143442869186
193.136.191.20;193.167.187.186;0.0839819908142
193.10.64.36;192.41.135.219;0.0544319152832
200.0.206.137;200.17.202.194;0.00914716720581
193.136.191.20;13.7.64.22;0.203633069992
212.235.189.115;202.112.28.100;0.231807947159
200.0.206.137;165.91.55.10;0.204798936844
85.23.168.77;202.112.28.100;0.582122087479
198.133.224.149;200.17.202.194;0.202874898911
72.36.112.78;141.20.103.211;0.142580032349
195.130.124.2;CPU;0.805
193.1.13.12;195.113.161.14;0.0364739894867
192.36.94.3;13.7.64.22;0.191810131073
139.19.158.227;136.145.115.194;0.185608148575
161.106.240.18;141.20.103.211;0.0411560535431
193.167.187.186;193.10.64.36;0.00802206993103
139.30.240.192;165.91.55.10;0.14674782753
193.157.115.251;192.42.43.23;0.0461580753326
72.36.112.78;161.106.240.18;0.145946025848
139.30.240.192;129.97.74.14;0.148111104965
200.0.206.137;88.255.99.251;0.275970220566
72.36.112.78;193.136.191.20;0.1642370224
195.113.161.14;200.0.206.137;0.252320051193
195.130.124.2;212.235.189.115;0.0558879375458
161.106.240.18;212.235.189.115;0.0484240055084
193.10.64.36;198.133.224.149;0.140152215958
165.91.55.10;192.42.43.23;0.158914804459
139.78.141.245;193.136.191.20;0.179412126541
160.80.221.39;192.41.135.219;0.0399758815765
161.106.240.18;193.157.115.251;0.0539488792419
193.10.64.36;139.30.240.192;0.0532999038696
88.255.99.251;193.1.170.135;0.0656859874725
193.1.170.135;193.10.64.36;0.0477612018585
85.23.168.77;150.244.58.161;0.0691440105438
192.1.249.138;193.0.109.23;0.120198965073
195.130.124.2;193.145.46.243;0.0874989032745
139.30.240.192;200.0.206.137;0.258002996445
129.97.74.14;192.42.43.23;0.114657878876
192.36.94.3;193.157.115.251;0.0116999149323
192.36.94.3;128.84.154.45;0.117743015289
200.0.206.137;128.227.150.12;0.194019794464
193.136.191.20;85.23.168.77;0.0889182090759
202.112.28.100;150.244.58.161;0.212379932404
88.255.99.251;192.36.94.3;0.0866150856018
212.235.189.115;193.145.46.243;0.0612828731537
200.129.132.19;192.41.135.219;0.323536872864
160.80.221.39;139.19.158.227;0.0425970554352
129.97.74.14;160.80.221.39;0.151868104935
212.235.189.115;193.10.64.36;0.0513610839844
13.7.64.22;193.167.187.186;0.20824098587
200.129.132.19;129.97.74.14;0.235082864761
193.0.109.23;193.10.64.36;0.0306429862976
13.7.64.22;129.97.74.14;0.0910911560059
200.0.206.137;202.112.28.100;0.373654127121
193.10.64.36;192.42.43.23;0.0425860881805
13.7.64.22;130.195.4.68;0.182575941086
193.136.191.20;212.199.61.205;0.127223014832
128.227.150.12;88.197.53.226;0.211273908615
88.255.99.251;128.84.154.45;0.181938886642
88.255.99.251;200.129.132.19;0.328566074371
193.0.109.23;139.78.141.245;0.162844896317
72.36.112.78;193.157.115.251;0.138421058655
129.97.74.14;139.78.141.245;0.0325129032135
193.167.187.186;141.20.103.211;0.0535609722137
193.10.64.36;193.1.13.12;0.0491468906403
200.129.132.19;128.227.150.12;0.21995806694
139.30.240.192;195.130.124.2;0.0734779834747
193.157.115.251;212.199.61.205;0.1275370121
139.30.240.192;129.69.210.97;0.0237240791321
13.7.64.22;200.17.202.194;0.182555913925
192.42.43.23;192.1.249.138;0.100265026093
193.145.46.243;129.69.210.97;0.0471260547638
72.36.112.78;192.1.249.138;0.0326800346375
150.244.58.161;165.91.55.10;0.158700942993
139.78.141.245;212.235.189.115;0.168715000153
13.7.64.22;139.78.141.245;0.0578889846802
130.195.4.68;193.1.170.135;0.326368093491
165.91.55.10;72.36.112.78;0.0289390087128
193.136.191.20;130.195.4.68;0.338531970978
193.10.64.36;200.17.202.194;0.274111032486
192.36.94.3;165.91.55.10;0.161844015121
192.41.135.219;195.113.161.14;0.0263650417328
195.113.161.14;193.1.170.135;0.0349681377411
193.10.64.36;193.157.115.251;0.00871706008911
88.255.99.251;212.199.61.205;0.143537044525
128.227.150.12;161.106.240.18;0.176424026489
195.113.161.14;198.133.224.149;0.125226974487
212.199.61.205;161.106.240.18;0.128159999847
139.30.240.192;192.41.135.219;0.0363371372223
192.41.135.219;128.84.154.45;0.107786178589
85.23.168.77;192.1.249.138;0.116189002991
212.235.189.115;88.197.53.226;0.044184923172
139.19.158.227;192.36.94.3;0.0692050457001
193.1.13.12;150.244.58.161;0.0361061096191
130.195.4.68;193.145.46.243;0.365751028061
139.30.240.192;192.42.43.23;0.0226910114288
212.235.189.115;88.255.99.251;0.114216089249
88.197.53.226;198.133.224.149;0.170938014984
130.195.4.68;202.112.28.100;0.307848930359
198.133.224.149;193.145.46.243;0.185471057892
150.244.58.161;193.145.46.243;0.0124928951263
130.195.4.68;193.10.64.36;0.314002037048
130.195.4.68;198.133.224.149;0.200227022171
212.199.61.205;200.17.202.194;0.307739973068
195.113.161.14;129.97.74.14;0.125672101974
200.0.206.137;141.20.103.211;0.258731842041
200.17.202.194;198.133.224.149;0.203813076019
193.145.46.243;CPU;0.0149253731343
136.145.115.194;195.113.161.14;0.159370183945
212.199.61.205;193.1.170.135;0.120492935181
128.84.154.45;192.41.135.219;0.107255935669
128.84.154.45;193.1.13.12;0.126976013184
88.197.53.226;139.30.240.192;0.0642991065979
193.1.170.135;161.106.240.18;0.0276300907135
200.0.206.137;129.69.210.97;0.253179073334
88.255.99.251;212.235.189.115;0.102097988129
128.227.150.12;200.0.206.137;0.19426202774
130.195.4.68;192.1.249.138;0.246819019318
193.145.46.243;160.80.221.39;0.0592489242554
212.235.189.115;13.7.64.22;0.18710398674
193.0.109.23;72.36.112.78;0.148038864136
130.195.4.68;200.0.206.137;0.335144042969
130.195.4.68;136.145.115.194;0.257274866104
128.84.154.45;128.227.150.12;0.0588550567627
212.199.61.205;193.0.109.23;0.137303113937
150.244.58.161;198.133.224.149;0.16262793541
129.97.74.14;136.145.115.194;0.0826020240784
88.255.99.251;161.106.240.18;0.0626130104065
193.1.13.12;88.197.53.226;0.0688879489899
130.195.4.68;193.157.115.251;0.320287942886
200.17.202.194;CPU;0.4
193.1.13.12;193.145.46.243;0.0452349185944
139.78.141.245;198.133.224.149;0.0245349407196
192.42.43.23;193.157.115.251;0.0462648868561
129.97.74.14;88.197.53.226;0.165822029114
192.1.249.138;200.129.132.19;0.221381902695
136.145.115.194;193.136.191.20;0.195958137512
192.1.249.138;192.36.94.3;0.112302780151
193.145.46.243;161.106.240.18;0.0389912128448
202.112.28.100;198.133.224.149;0.237329959869
195.113.161.14;139.30.240.192;0.0189819335938
200.0.206.137;193.136.191.20;0.229202985764
193.10.64.36;193.136.191.20;0.0767409801483
193.1.170.135;193.0.109.23;0.0625178813934
129.97.74.14;200.0.206.137;0.162624835968
195.130.124.2;165.91.55.10;0.212218046188
193.157.115.251;200.0.206.137;0.266895055771
193.1.13.12;130.195.4.68;0.328364133835
200.129.132.19;136.145.115.194;0.216274023056
150.244.58.161;129.69.210.97;0.0378158092499
200.17.202.194;195.130.124.2;0.298276901245
193.145.46.243;193.1.13.12;0.045156955719
202.112.28.100;129.69.210.97;0.22665309906
165.91.55.10;161.106.240.18;0.15329003334
193.1.170.135;192.1.249.138;0.0922360420227
200.0.206.137;195.113.161.14;0.252388000488
193.1.13.12;85.23.168.77;0.0528960227966
13.7.64.22;193.145.46.243;0.181200027466
193.136.191.20;129.69.210.97;0.0779700279236
193.167.187.186;193.136.191.20;0.0837690830231
72.36.112.78;139.78.141.245;0.0219140052795
192.42.43.23;161.106.240.18;0.0206191539764
192.41.135.219;141.20.103.211;0.0334968566895
193.1.170.135;85.23.168.77;0.055969953537
212.199.61.205;85.23.168.77;0.152814149857
85.23.168.77;88.197.53.226;0.0967819690704
200.17.202.194;139.78.141.245;0.207316160202
192.41.135.219;193.0.109.23;0.0543360710144
202.112.28.100;139.78.141.245;0.222109079361
212.235.189.115;136.145.115.194;0.208784103394
136.145.115.194;193.1.170.135;0.177349090576
193.145.46.243;165.91.55.10;0.168190002441
212.235.189.115;161.106.240.18;0.0483109951019
13.7.64.22;195.130.124.2;0.226739883423
195.113.161.14;72.36.112.78;0.136750936508
165.91.55.10;193.136.191.20;0.171894073486
212.199.61.205;141.20.103.211;0.122426986694
195.113.161.14;193.1.13.12;0.0365760326385
141.20.103.211;160.80.221.39;0.0484731197357
200.129.132.19;193.145.46.243;0.301208972931
193.136.191.20;150.244.58.161;0.0193378925323
88.197.53.226;CPU;0.171951219512
192.42.43.23;88.255.99.251;0.0730500221252
202.112.28.100;193.10.64.36;0.296302080154
139.78.141.245;128.227.150.12;0.040540933609
195.113.161.14;200.129.132.19;0.324671030045
193.167.187.186;128.227.150.12;0.164675951004
136.145.115.194;192.36.94.3;0.172388792038
141.20.103.211;192.36.94.3;0.0492479801178
88.255.99.251;160.80.221.39;0.0963129997253
193.10.64.36;200.129.132.19;0.338954925537
193.1.170.135;160.80.221.39;0.0519318580627
128.227.150.12;193.145.46.243;0.191823005676
193.10.64.36;193.167.187.186;0.00876402854919
150.244.58.161;193.167.187.186;0.0682671070099
85.23.168.77;193.1.170.135;0.056144952774
212.235.189.115;165.91.55.10;0.162288188934
200.17.202.194;139.19.158.227;0.258662939072
129.97.74.14;13.7.64.22;0.0905699729919
88.197.53.226;193.10.64.36;0.0747079849243
200.17.202.194;200.0.206.137;0.00775408744812
72.36.112.78;165.91.55.10;0.0282680988312
139.78.141.245;160.80.221.39;0.1862180233
128.84.154.45;200.129.132.19;0.244880914688
85.23.168.77;198.133.224.149;0.153692007065
160.80.221.39;202.112.28.100;0.229726076126
13.7.64.22;161.106.240.18;0.173552036285
192.41.135.219;212.235.189.115;0.04132604599
202.112.28.100;139.30.240.192;0.219421863556
193.10.64.36;192.36.94.3;0.00398898124695
200.0.206.137;129.97.74.14;0.162667989731
88.197.53.226;128.227.150.12;0.211389064789
195.130.124.2;195.113.161.14;0.055408000946
88.197.53.226;193.0.109.23;0.0861520767212
192.36.94.3;195.113.161.14;0.0318968296051
128.227.150.12;139.78.141.245;0.0403621196747
192.41.135.219;129.69.210.97;0.00394701957703
192.42.43.23;193.1.13.12;0.0269877910614
195.130.124.2;192.1.249.138;0.150835037231
195.113.161.14;193.145.46.243;0.04634308815
72.36.112.78;202.112.28.100;0.234632015228
128.84.154.45;193.157.115.251;0.112280130386
200.17.202.194;88.255.99.251;0.268689155579
212.235.189.115;195.113.161.14;0.0121018886566
88.255.99.251;CPU;0.7025
88.197.53.226;128.84.154.45;0.154196023941
198.133.224.149;195.113.161.14;0.124986886978
212.235.189.115;129.69.210.97;0.025787115097
198.133.224.149;193.1.170.135;0.147397994995
128.227.150.12;193.10.64.36;0.151304960251
136.145.115.194;139.19.158.227;0.186203956604
141.20.103.211;128.84.154.45;0.126605987549
165.91.55.10;193.0.109.23;0.159481048584
129.97.74.14;129.69.210.97;0.137584924698
200.0.206.137;136.145.115.194;0.143889188766
193.145.46.243;192.41.135.219;0.0385949611664
128.84.154.45;193.145.46.243;0.136827945709
193.0.109.23;129.69.210.97;0.0415508747101
129.97.74.14;212.199.61.205;0.225332021713
139.19.158.227;128.227.150.12;0.150842905045
200.0.206.137;212.199.61.205;0.308012962341
160.80.221.39;193.145.46.243;0.0598151683807
192.41.135.219;193.136.191.20;0.0564510822296
200.17.202.194;141.20.103.211;0.266118049622
192.42.43.23;CPU;0.282178217822
85.23.168.77;193.157.115.251;0.0212869644165
193.136.191.20;192.36.94.3;0.0792918205261
88.255.99.251;141.20.103.211;0.0691139698029
193.145.46.243;139.78.141.245;0.162837982178
212.235.189.115;129.97.74.14;0.124883174896
198.133.224.149;141.20.103.211;0.145493030548
193.167.187.186;161.106.240.18;0.0605318546295
161.106.240.18;192.41.135.219;0.022292137146
192.41.135.219;193.1.13.12;0.0289440155029
200.17.202.194;192.1.249.138;0.154626131058
192.36.94.3;195.130.124.2;0.0854289531708
200.0.206.137;160.80.221.39;0.265859127045
212.235.189.115;193.136.191.20;0.061753988266
88.255.99.251;193.145.46.243;0.0907928943634
200.0.206.137;200.129.132.19;0.0719380378723
160.80.221.39;200.129.132.19;0.33836889267
13.7.64.22;165.91.55.10;0.0455479621887
193.10.64.36;88.255.99.251;0.100141048431
72.36.112.78;195.130.124.2;0.188425064087
136.145.115.194;88.197.53.226;0.218386173248
88.255.99.251;136.145.115.194;0.197274923325
192.1.249.138;128.84.154.45;0.0130760669708
136.145.115.194;150.244.58.161;0.196910858154
139.19.158.227;139.30.240.192;0.0178480148315
85.23.168.77;193.1.13.12;0.0535371303558
136.145.115.194;165.91.55.10;0.098904132843
139.30.240.192;193.1.13.12;0.043044090271
150.244.58.161;141.20.103.211;0.0432710647583
192.41.135.219;88.255.99.251;0.0684440135956
88.255.99.251;72.36.112.78;0.158528804779
139.78.141.245;72.36.112.78;0.0213589668274
200.129.132.19;200.17.202.194;0.0793499946594
193.157.115.251;141.20.103.211;0.0465178489685
192.41.135.219;128.227.150.12;0.175851106644
193.136.191.20;139.78.141.245;0.17880988121
139.19.158.227;212.235.189.115;0.0340728759766
129.97.74.14;139.19.158.227;0.1492831707
141.20.103.211;200.0.206.137;0.258766889572
139.19.158.227;193.157.115.251;0.0663380622864
128.227.150.12;193.157.115.251;0.151344060898
161.106.240.18;192.36.94.3;0.0568611621857
141.20.103.211;200.17.202.194;0.266135931015
200.0.206.137;72.36.112.78;0.176684141159
139.19.158.227;193.1.13.12;0.0562660694122
200.17.202.194;193.157.115.251;0.274025917053
136.145.115.194;CPU;0.490049751244
198.133.224.149;130.195.4.68;0.200376987457
200.17.202.194;72.36.112.78;0.192383050919
139.19.158.227;150.244.58.161;0.0359771251678
200.0.206.137;195.130.124.2;0.289716959
136.145.115.194;129.69.210.97;0.159819126129
136.145.115.194;192.1.249.138;0.0695910453796
200.129.132.19;200.0.206.137;0.0729429721832
139.78.141.245;193.167.187.186;0.156977891922
161.106.240.18;212.199.61.205;0.116950035095
136.145.115.194;161.106.240.18;0.206764221191
193.10.64.36;193.0.109.23;0.0302610397339
128.84.154.45;212.235.189.115;0.107486009598
212.235.189.115;200.0.206.137;0.267450094223
193.1.170.135;128.84.154.45;0.100903987885
136.145.115.194;193.0.109.23;0.199534893036
195.130.124.2;193.1.170.135;0.0754659175873
193.10.64.36;130.195.4.68;0.313935995102
202.112.28.100;200.17.202.194;0.40148806572
13.7.64.22;192.42.43.23;0.165433168411
193.145.46.243;212.199.61.205;0.124156951904
193.0.109.23;150.244.58.161;0.0643830299377
139.78.141.245;129.69.210.97;0.157964944839
193.1.170.135;192.42.43.23;0.0256168842316
193.167.187.186;72.36.112.78;0.142379999161
193.0.109.23;129.97.74.14;0.128608942032
161.106.240.18;129.97.74.14;0.149092912674
88.197.53.226;192.41.135.219;0.055055141449
212.199.61.205;193.157.115.251;0.144451141357
202.112.28.100;200.0.206.137;0.373944044113
193.1.13.12;129.97.74.14;0.1317050457
193.0.109.23;160.80.221.39;0.0675809383392
160.80.221.39;195.113.161.14;0.0369629859924
193.1.13.12;193.10.64.36;0.0495071411133
192.36.94.3;200.0.206.137;0.269243001938
139.30.240.192;198.133.224.149;0.130452156067
195.130.124.2;136.145.115.194;0.240700960159
72.36.112.78;195.113.161.14;0.13627409935
160.80.221.39;193.136.191.20;0.0600891113281
193.1.13.12;198.133.224.149;0.176270008087
141.20.103.211;161.106.240.18;0.041002035141
195.130.124.2;193.1.13.12;0.0767168998718
200.129.132.19;192.42.43.23;0.313501119614
128.84.154.45;200.17.202.194;0.161859035492
192.1.249.138;193.167.187.186;0.113668203354
129.97.74.14;193.1.170.135;0.130259037018
192.36.94.3;193.167.187.186;0.0117387771606
200.17.202.194;212.235.189.115;0.274626970291
192.1.249.138;161.106.240.18;0.114328145981
193.1.13.12;128.227.150.12;0.158228158951
139.19.158.227;202.112.28.100;0.232517004013
88.197.53.226;200.129.132.19;0.353641986847
198.133.224.149;212.235.189.115;0.149993181229
193.10.64.36;136.145.115.194;0.170665979385
130.195.4.68;128.84.154.45;0.222086906433
193.0.109.23;200.17.202.194;0.286687135696
13.7.64.22;139.19.158.227;0.165287017822
212.235.189.115;193.157.115.251;0.0544059276581
193.10.64.36;195.130.124.2;0.0833740234375
193.167.187.186;192.36.94.3;0.011265039444
200.129.132.19;193.10.64.36;0.339327812195
128.227.150.12;193.167.187.186;0.164874076843
193.136.191.20;160.80.221.39;0.0599620342255
141.20.103.211;193.1.170.135;0.0352721214294
193.145.46.243;192.36.94.3;0.0731179714203
193.1.13.12;193.157.115.251;0.0491409301758
193.1.13.12;202.112.28.100;0.200021028519
150.244.58.161;160.80.221.39;0.0501041412354
129.97.74.14;193.1.13.12;0.131873846054
136.145.115.194;130.195.4.68;0.257658958435
193.157.115.251;161.106.240.18;0.0538020133972
192.1.249.138;128.227.150.12;0.0451989173889
192.42.43.23;202.112.28.100;0.203233957291
136.145.115.194;13.7.64.22;0.109307050705
193.157.115.251;200.17.202.194;0.273678064346
85.23.168.77;130.195.4.68;0.322754144669
161.106.240.18;136.145.115.194;0.212314128876
195.130.124.2;161.106.240.18;0.069748878479
193.167.187.186;129.97.74.14;0.133260011673
193.157.115.251;193.1.170.135;0.0478830337524
88.255.99.251;130.195.4.68;0.354639053345
129.97.74.14;200.129.132.19;0.235372066498
193.145.46.243;150.244.58.161;0.0124042034149
193.1.170.135;193.136.191.20;0.050222158432
212.235.189.115;193.0.109.23;0.05206990242
192.36.94.3;193.1.170.135;0.0508449077606
193.0.109.23;193.1.170.135;0.0625870227814
200.17.202.194;193.0.109.23;0.286482095718
128.227.150.12;200.129.132.19;0.219945192337
160.80.221.39;139.78.141.245;0.187276124954
139.78.141.245;193.10.64.36;0.15295290947
200.17.202.194;136.145.115.194;0.151499986649
128.84.154.45;136.145.115.194;0.0926020145416
192.41.135.219;165.91.55.10;0.146460771561
72.36.112.78;192.36.94.3;0.137968063354
141.20.103.211;136.145.115.194;0.165333986282
192.42.43.23;193.1.170.135;0.0256748199463
193.145.46.243;88.197.53.226;0.0752229690552
200.17.202.194;128.84.154.45;0.16210103035
161.106.240.18;128.227.150.12;0.175304889679
193.1.170.135;CPU;0.285536159601
192.42.43.23;193.145.46.243;0.0352349281311
128.84.154.45;129.97.74.14;0.0287919044495
136.145.115.194;200.129.132.19;0.215965032578
193.136.191.20;193.0.109.23;0.0738589763641
195.113.161.14;161.106.240.18;0.0332629680634
192.41.135.219;130.195.4.68;0.318062067032
195.113.161.14;13.7.64.22;0.1811439991
139.30.240.192;139.19.158.227;0.0177979469299
165.91.55.10;128.84.154.45;0.0508470535278
198.133.224.149;193.10.64.36;0.140177965164
193.145.46.243;200.17.202.194;0.235849142075
88.197.53.226;85.23.168.77;0.0967319011688
200.17.202.194;193.167.187.186;0.281059026718
193.1.13.12;193.1.170.135;0.00293302536011
72.36.112.78;212.199.61.205;0.181159973145
72.36.112.78;193.1.170.135;0.142309904099
192.1.249.138;212.199.61.205;0.170253992081
212.199.61.205;72.36.112.78;0.186618089676
85.23.168.77;88.255.99.251;0.0930459499359
195.130.124.2;192.42.43.23;0.0542049407959
202.112.28.100;161.106.240.18;0.205830097198
193.1.13.12;141.20.103.211;0.0363399982452
139.30.240.192;139.78.141.245;0.162830114365
128.227.150.12;13.7.64.22;0.0726048946381
88.197.53.226;193.1.170.135;0.067479133606
193.145.46.243;200.0.206.137;0.228904008865
192.42.43.23;193.167.187.186;0.0499119758606
139.78.141.245;129.97.74.14;0.0322630405426
193.167.187.186;200.17.202.194;0.280873060226
195.113.161.14;139.78.141.245;0.157278776169
202.112.28.100;193.157.115.251;0.296108007431
195.130.124.2;193.136.191.20;0.0877299308777
13.7.64.22;212.199.61.205;0.24608707428
193.167.187.186;193.157.115.251;0.0156769752502
193.1.170.135;165.91.55.10;0.161602973938
129.97.74.14;128.227.150.12;0.0791399478912
165.91.55.10;129.97.74.14;0.0426080226898
198.133.224.149;150.244.58.161;0.162058115005
13.7.64.22;72.36.112.78;0.0776538848877
129.97.74.14;200.17.202.194;0.169623851776
193.10.64.36;13.7.64.22;0.189260005951
193.136.191.20;200.129.132.19;0.301809072495
193.167.187.186;192.41.135.219;0.0606291294098
128.227.150.12;212.199.61.205;0.214257955551
130.195.4.68;141.20.103.211;0.311117172241
141.20.103.211;192.42.43.23;0.0243279933929
193.167.187.186;85.23.168.77;0.0112090110779
193.0.109.23;195.130.124.2;0.097363948822
192.42.43.23;72.36.112.78;0.125040054321
165.91.55.10;200.0.206.137;0.204277992249
193.157.115.251;192.36.94.3;0.0119462013245
193.136.191.20;193.145.46.243;0.0299890041351
212.199.61.205;192.1.249.138;0.1744120121
195.113.161.14;193.10.64.36;0.0291309356689
88.197.53.226;13.7.64.22;0.21021604538
141.20.103.211;72.36.112.78;0.142738819122
128.227.150.12;88.255.99.251;0.154361009598
195.113.161.14;CPU;0.372817955112
192.42.43.23;212.199.61.205;0.0984809398651
193.1.13.12;193.136.191.20;0.0514340400696
192.42.43.23;193.136.191.20;0.0441699028015
193.145.46.243;128.84.154.45;0.135855913162
88.197.53.226;136.145.115.194;0.218119859695
202.112.28.100;128.227.150.12;0.233973026276
13.7.64.22;193.0.109.23;0.187008142471
139.30.240.192;192.36.94.3;0.0562260150909
200.0.206.137;139.30.240.192;0.257930994034
139.78.141.245;193.157.115.251;0.156195878983
88.197.53.226;192.42.43.23;0.0459342002869
72.36.112.78;136.145.115.194;0.0665419101715
88.255.99.251;129.97.74.14;0.137405872345
193.0.109.23;193.167.187.186;0.0377349853516
128.227.150.12;CPU;0.79
200.0.206.137;139.78.141.245;0.191107034683
139.30.240.192;150.244.58.161;0.0425450801849
141.20.103.211;13.7.64.22;0.172397851944
193.0.109.23;130.195.4.68;0.327390909195
161.106.240.18;193.136.191.20;0.0563118457794
88.255.99.251;192.42.43.23;0.0730121135712
195.113.161.14;212.235.189.115;0.0121040344238
139.78.141.245;193.1.13.12;0.159405946732
136.145.115.194;192.42.43.23;0.163473844528
200.129.132.19;129.69.210.97;0.325557947159
193.0.109.23;88.197.53.226;0.086216211319
192.36.94.3;193.145.46.243;0.073343038559
130.195.4.68;CPU;0.597290640394
128.227.150.12;193.1.170.135;0.169296979904
195.130.124.2;200.129.132.19;0.363593101501
141.20.103.211;192.41.135.219;0.033499956131
88.255.99.251;193.1.13.12;0.0667729377747
139.19.158.227;193.10.64.36;0.0667269229889
150.244.58.161;193.10.64.36;0.061103105545
212.235.189.115;CPU;0.0983213429257
136.145.115.194;200.17.202.194;0.150671005249
195.130.124.2;128.227.150.12;0.212195158005
136.145.115.194;202.112.28.100;0.295305967331
192.41.135.219;193.167.187.186;0.0616321563721
193.167.187.186;CPU;0.0135635018496
141.20.103.211;195.130.124.2;0.0734210014343
150.244.58.161;72.36.112.78;0.152952194214
200.129.132.19;165.91.55.10;0.268189907074
130.195.4.68;88.197.53.226;0.364456892014
202.112.28.100;72.36.112.78;0.234796047211
200.17.202.194;130.195.4.68;0.36496591568
139.78.141.245;88.197.53.226;0.188807964325
193.167.187.186;139.19.158.227;0.0739591121674
139.30.240.192;193.0.109.23;0.0461049079895
193.10.64.36;212.235.189.115;0.0511128902435
161.106.240.18;139.78.141.245;0.16113615036
193.145.46.243;195.113.161.14;0.0462529659271
200.0.206.137;192.42.43.23;0.241807937622
88.255.99.251;192.41.135.219;0.0679879188538
160.80.221.39;193.157.115.251;0.063246011734
88.197.53.226;200.0.206.137;0.281126976013
193.0.109.23;192.36.94.3;0.0327880382538
88.197.53.226;212.199.61.205;0.139451980591
192.1.249.138;200.17.202.194;0.154752016068
150.244.58.161;CPU;0.00742574257426
195.130.124.2;130.195.4.68;0.363708019257
192.36.94.3;200.17.202.194;0.276281118393
193.145.46.243;193.136.191.20;0.0299470424652
193.167.187.186;193.145.46.243;0.0772469043732
150.244.58.161;192.36.94.3;0.0636839866638
192.41.135.219;200.17.202.194;0.253654003143
193.1.170.135;212.235.189.115;0.0533969402313
198.133.224.149;85.23.168.77;0.153373003006
192.42.43.23;139.19.158.227;0.0161719322205
165.91.55.10;193.1.170.135;0.16233420372
192.41.135.219;160.80.221.39;0.0404081344604
192.42.43.23;192.41.135.219;0.00249314308167
200.129.132.19;141.20.103.211;0.331354856491
193.10.64.36;85.23.168.77;0.013808965683
193.10.64.36;139.78.141.245;0.1525349617
193.136.191.20;CPU;0.00123992560446
139.30.240.192;193.1.170.135;0.0417931079865
193.145.46.243;200.129.132.19;0.301116943359
193.157.115.251;129.69.210.97;0.0608129501343
195.113.161.14;129.69.210.97;0.0143060684204
88.197.53.226;212.235.189.115;0.0441119670868
192.42.43.23;165.91.55.10;0.173200130463
192.36.94.3;128.227.150.12;0.160372972488
88.255.99.251;200.17.202.194;0.26784491539
192.1.249.138;193.136.191.20;0.137380123138
200.0.206.137;88.197.53.226;0.280563116074
141.20.103.211;88.255.99.251;0.0692498683929
193.136.191.20;212.235.189.115;0.0619840621948
128.227.150.12;130.195.4.68;0.195630073547
193.157.115.251;88.255.99.251;0.0836551189423
212.199.61.205;212.235.189.115;0.125507831573
193.1.13.12;212.235.189.115;0.0549659729004
150.244.58.161;139.78.141.245;0.153599023819
193.157.115.251;150.244.58.161;0.0609109401703
200.17.202.194;193.1.13.12;0.258457899094
139.19.158.227;192.1.249.138;0.11067199707
13.7.64.22;CPU;0.0267876909453
193.136.191.20;195.113.161.14;0.0468490123749
192.41.135.219;200.0.206.137;0.244808912277
150.244.58.161;139.19.158.227;0.0359790325165
193.0.109.23;200.0.206.137;0.279568910599
13.7.64.22;88.255.99.251;0.200069904327
193.1.13.12;128.84.154.45;0.127228975296
160.80.221.39;165.91.55.10;0.188536882401
160.80.221.39;192.42.43.23;0.0309000015259
193.145.46.243;128.227.150.12;0.19278216362
139.30.240.192;85.23.168.77;0.0632989406586
139.19.158.227;129.97.74.14;0.149305105209
195.113.161.14;88.255.99.251;0.0718460083008
160.80.221.39;136.145.115.194;0.202454090118
193.1.13.12;212.199.61.205;0.104835033417
193.0.109.23;85.23.168.77;0.0430819988251
85.23.168.77;193.167.187.186;0.0119581222534
202.112.28.100;200.129.132.19;0.466976881027
200.129.132.19;195.113.161.14;0.324973106384
85.23.168.77;192.36.94.3;0.016282081604
193.167.187.186;202.112.28.100;0.302845001221
192.1.249.138;192.41.135.219;0.100324869156
160.80.221.39;72.36.112.78;0.165251970291
212.199.61.205;193.136.191.20;0.133535861969
193.167.187.186;128.84.154.45;0.120172023773
139.78.141.245;136.145.115.194;0.0969228744507
136.145.115.194;139.30.240.192;0.164509773254
139.19.158.227;88.255.99.251;0.0867490768433
139.19.158.227;193.145.46.243;0.0455498695374
193.157.115.251;160.80.221.39;0.0595099925995
195.130.124.2;160.80.221.39;0.0526559352875
13.7.64.22;192.41.135.219;0.167459011078
193.0.109.23;198.133.224.149;0.143378973007
136.145.115.194;88.255.99.251;0.197520017624
165.91.55.10;160.80.221.39;0.183081865311
88.197.53.226;129.69.210.97;0.0597660541534
193.157.115.251;139.19.158.227;0.0664150714874
193.1.170.135;200.17.202.194;0.256953001022
130.195.4.68;88.255.99.251;0.359423875809
139.30.240.192;161.106.240.18;0.0479421615601
193.145.46.243;192.1.249.138;0.116533994675
193.0.109.23;192.41.135.219;0.0535609722137
128.84.154.45;198.133.224.149;0.0313799381256
150.244.58.161;195.130.124.2;0.074138879776
192.42.43.23;150.244.58.161;0.0256369113922
193.1.13.12;200.129.132.19;0.323630094528
72.36.112.78;85.23.168.77;0.142086029053
128.84.154.45;141.20.103.211;0.125249147415
193.1.170.135;195.113.161.14;0.0351531505585
130.195.4.68;212.199.61.205;0.417901992798
193.167.187.186;150.244.58.161;0.0679340362549
139.19.158.227;212.199.61.205;0.100362062454
13.7.64.22;193.136.191.20;0.202530145645
139.19.158.227;193.0.109.23;0.0396180152893
128.84.154.45;200.0.206.137;0.158779144287
150.244.58.161;136.145.115.194;0.197633981705
198.133.224.149;88.255.99.251;0.187235832214
193.167.187.186;192.42.43.23;0.0494661331177
72.36.112.78;139.19.158.227;0.12163901329
150.244.58.161;128.227.150.12;0.182533979416
193.1.170.135;128.227.150.12;0.169205904007
128.84.154.45;193.167.187.186;0.119126081467
193.0.109.23;128.84.154.45;0.128005981445
192.41.135.219;139.19.158.227;0.0398590564728
195.130.124.2;198.133.224.149;0.20899105072
139.30.240.192;200.17.202.194;0.264913082123
88.255.99.251;128.227.150.12;0.15480017662
200.129.132.19;88.255.99.251;0.328552007675
160.80.221.39;128.84.154.45;0.134528160095
192.1.249.138;129.69.210.97;0.105016231537
129.97.74.14;212.235.189.115;0.124871015549
13.7.64.22;160.80.221.39;0.181205034256
192.36.94.3;192.41.135.219;0.0568661689758
88.255.99.251;193.0.109.23;0.102751970291
193.10.64.36;212.199.61.205;0.112428188324
161.106.240.18;165.91.55.10;0.153842926025
88.255.99.251;139.78.141.245;0.170397996902
136.145.115.194;193.167.187.186;0.181349039078
200.129.132.19;CPU;0.341463414634
192.36.94.3;CPU;0.141971481711
72.36.112.78;160.80.221.39;0.163378000259
198.133.224.149;192.42.43.23;0.128895044327
192.41.135.219;193.145.46.243;0.0387561321259
192.1.249.138;198.133.224.149;0.0405449867249
193.136.191.20;202.112.28.100;0.227622032166
150.244.58.161;212.199.61.205;0.115276098251
193.1.170.135;200.0.206.137;0.250007867813
161.106.240.18;88.255.99.251;0.0622651576996
198.133.224.149;128.84.154.45;0.0327970981598
192.36.94.3;141.20.103.211;0.0494060516357
139.30.240.192;193.167.187.186;0.060564994812
88.255.99.251;193.10.64.36;0.0904049873352
193.1.170.135;88.255.99.251;0.0652639865875
88.197.53.226;139.19.158.227;0.0579688549042
193.167.187.186;139.30.240.192;0.0602200031281
88.197.53.226;200.17.202.194;0.288408994675
200.17.202.194;129.69.210.97;0.260303020477
139.19.158.227;200.129.132.19;0.323770046234
193.0.109.23;CPU;0.00493522516965
202.112.28.100;192.1.249.138;0.294782876968
165.91.55.10;193.145.46.243;0.16921210289
193.1.170.135;195.130.124.2;0.0762550830841
200.17.202.194;193.145.46.243;0.23596405983
150.244.58.161;192.42.43.23;0.0257549285889
150.244.58.161;193.157.115.251;0.0609219074249
212.235.189.115;193.167.187.186;0.0481259822845
72.36.112.78;150.244.58.161;0.152909040451
13.7.64.22;141.20.103.211;0.173202991486
200.17.202.194;161.106.240.18;0.251728057861
193.145.46.243;85.23.168.77;0.0743889808655
200.0.206.137;192.41.135.219;0.244752883911
200.17.202.194;165.91.55.10;0.202654838562
192.41.135.219;192.36.94.3;0.0568339824677
136.145.115.194;212.235.189.115;0.208483934402
193.10.64.36;129.97.74.14;0.119923830032
139.78.141.245;193.1.170.135;0.144774913788
141.20.103.211;165.91.55.10;0.291721105576
160.80.221.39;200.0.206.137;0.265537977219
72.36.112.78;192.41.135.219;0.126930952072
13.7.64.22;85.23.168.77;0.199015855789
202.112.28.100;193.145.46.243;0.221500873566
128.227.150.12;141.20.103.211;0.144342184067
128.227.150.12;193.136.191.20;0.185699939728
192.1.249.138;72.36.112.78;0.0326390266418
202.112.28.100;192.36.94.3;0.296089887619
202.112.28.100;193.1.170.135;0.198942184448
192.41.135.219;202.112.28.100;0.205154180527
139.30.240.192;136.145.115.194;0.164184808731
195.113.161.14;193.157.115.251;0.032833814621
161.106.240.18;88.197.53.226;0.0635981559753
139.19.158.227;88.197.53.226;0.0580251216888
129.97.74.14;192.1.249.138;0.0341768264771
193.1.170.135;192.41.135.219;0.0277988910675
165.91.55.10;139.19.158.227;0.162524938583
141.20.103.211;130.195.4.68;0.311679840088
141.20.103.211;202.112.28.100;0.212986946106
88.255.99.251;165.91.55.10;0.201076984406
139.30.240.192;141.20.103.211;0.00943899154663
72.36.112.78;200.0.206.137;0.176929950714
202.112.28.100;136.145.115.194;0.294422864914
141.20.103.211;139.19.158.227;0.0227460861206
193.1.170.135;141.20.103.211;0.0349569320679
192.41.135.219;150.244.58.161;0.0294790267944
198.133.224.149;161.106.240.18;0.145091056824
160.80.221.39;161.106.240.18;0.047178030014
192.42.43.23;139.78.141.245;0.160732984543
139.78.141.245;200.0.206.137;0.190989971161
150.244.58.161;200.129.132.19;0.291720151901
161.106.240.18;160.80.221.39;0.120938062668
193.157.115.251;165.91.55.10;0.159996032715
200.17.202.194;85.23.168.77;0.267501115799
150.244.58.161;85.23.168.77;0.0691201686859
128.227.150.12;198.133.224.149;0.0374989509583
193.136.191.20;200.17.202.194;0.236399888992
128.84.154.45;192.42.43.23;0.104650020599
85.23.168.77;139.19.158.227;0.0491359233856
13.7.64.22;200.0.206.137;0.182337999344
193.167.187.186;129.69.210.97;0.0674259662628
193.136.191.20;192.1.249.138;0.137520074844
141.20.103.211;193.145.46.243;0.0527200698853
13.7.64.22;212.235.189.115;0.187288999557
13.7.64.22;128.227.150.12;0.0719430446625
200.0.206.137;CPU;0.331670822943
72.36.112.78;139.30.240.192;0.141918182373
128.227.150.12;85.23.168.77;0.155111074448
136.145.115.194;212.199.61.205;0.23798584938
139.78.141.245;202.112.28.100;0.222192049026
202.112.28.100;195.113.161.14;0.212933063507
195.130.124.2;212.199.61.205;0.146084070206
212.235.189.115;139.30.240.192;0.0304350852966
85.23.168.77;193.145.46.243;0.0742919445038
192.41.135.219;193.157.115.251;0.0543518066406
193.1.170.135;136.145.115.194;0.176378965378
13.7.64.22;129.69.210.97;0.169599056244
136.145.115.194;200.0.206.137;0.144982099533
129.97.74.14;195.113.161.14;0.125910997391
161.106.240.18;193.1.13.12;0.0285241603851
72.36.112.78;193.167.187.186;0.142459869385
192.41.135.219;139.30.240.192;0.0365099906921
13.7.64.22;193.1.13.12;0.173346042633
130.195.4.68;192.41.135.219;0.317981958389
195.113.161.14;139.19.158.227;0.0124700069427
202.112.28.100;85.23.168.77;0.582093000412
195.113.161.14;136.145.115.194;0.160233020782
200.129.132.19;193.1.170.135;0.323356151581
193.1.13.12;193.0.109.23;0.0638840198517
141.20.103.211;200.129.132.19;0.33119392395
128.227.150.12;129.97.74.14;0.0791840553284
212.235.189.115;195.130.124.2;0.0550260543823
128.227.150.12;212.235.189.115;0.164963960648
88.255.99.251;200.0.206.137;0.276548862457
161.106.240.18;193.10.64.36;0.0550529956818
212.235.189.115;150.244.58.161;0.0518290996552
139.78.141.245;139.30.240.192;0.162420034409
128.84.154.45;192.36.94.3;0.117692947388
139.19.158.227;193.1.170.135;0.0547771453857
200.129.132.19;128.84.154.45;0.244851827621
192.1.249.138;195.130.124.2;0.151050806046
141.20.103.211;193.167.187.186;0.0537750720978
202.112.28.100;165.91.55.10;0.208190917969
139.78.141.245;CPU;0.0074812967581
72.36.112.78;130.195.4.68;0.197700977325
139.30.240.192;CPU;0.004884004884
192.41.135.219;192.1.249.138;0.100358009338
13.7.64.22;193.10.64.36;0.19054889679
139.78.141.245;128.84.154.45;0.0439219474792
198.133.224.149;CPU;0.545
160.80.221.39;192.36.94.3;0.061959028244
165.91.55.10;200.17.202.194;0.202434062958
192.36.94.3;139.30.240.192;0.056067943573
128.84.154.45;129.69.210.97;0.126343011856
202.112.28.100;CPU;0.215496368039
139.19.158.227;198.133.224.149;0.151890039444
195.130.124.2;193.157.115.251;0.0908350944519
128.84.154.45;193.10.64.36;0.112231016159
193.1.13.12;200.0.206.137;0.251300096512
129.97.74.14;139.30.240.192;0.148182868958
193.167.187.186;13.7.64.22;0.202154874802
165.91.55.10;150.244.58.161;0.159202814102
193.167.187.186;88.255.99.251;0.0918879508972
150.244.58.161;200.17.202.194;0.226543903351
195.113.161.14;165.91.55.10;0.137737035751
200.17.202.194;192.41.135.219;0.251841068268
150.244.58.161;130.195.4.68;0.343559026718
212.235.189.115;160.80.221.39;0.023756980896
192.1.249.138;160.80.221.39;0.119263887405
193.145.46.243;136.145.115.194;0.205960988998
165.91.55.10;193.167.187.186;0.166762113571
193.1.13.12;139.30.240.192;0.0429971218109
139.78.141.245;195.130.124.2;0.200340986252
192.42.43.23;128.227.150.12;0.158492088318
165.91.55.10;212.199.61.205;0.206354856491
128.227.150.12;202.112.28.100;0.23247385025
192.41.135.219;CPU;0.0600244997958
193.1.13.12;139.78.141.245;0.159603834152
193.0.109.23;202.112.28.100;0.239635944366
192.41.135.219;195.130.124.2;0.0658819675446
200.17.202.194;13.7.64.22;0.182774066925
198.133.224.149;160.80.221.39;0.155261993408
195.113.161.14;85.23.168.77;0.0510802268982
193.167.187.186;212.199.61.205;0.124555110931
192.36.94.3;88.255.99.251;0.0866320133209
192.36.94.3;193.136.191.20;0.0794520378113
212.199.61.205;193.145.46.243;0.132230997086
130.195.4.68;192.36.94.3;0.322477817535
128.84.154.45;13.7.64.22;0.0865881443024
85.23.168.77;165.91.55.10;0.172102928162
161.106.240.18;200.129.132.19;0.317511081696
161.106.240.18;193.167.187.186;0.0625200271606
136.145.115.194;128.227.150.12;0.0458700656891
193.1.13.12;200.17.202.194;0.258352994919
202.112.28.100;193.136.191.20;0.227715969086
160.80.221.39;130.195.4.68;0.33593916893
88.197.53.226;195.113.161.14;0.0432319641113
198.133.224.149;88.197.53.226;0.170917034149
192.36.94.3;193.1.13.12;0.0520031452179
150.244.58.161;200.0.206.137;0.219345092773
200.0.206.137;130.195.4.68;0.335067987442
212.199.61.205;130.195.4.68;0.417287111282
193.167.187.186;139.78.141.245;0.156810045242
85.23.168.77;193.10.64.36;0.0137209892273
193.0.109.23;192.1.249.138;0.12029004097
141.20.103.211;195.113.161.14;0.0201418399811
88.197.53.226;202.112.28.100;0.244925022125
212.235.189.115;192.42.43.23;0.032084941864
141.20.103.211;193.136.191.20;0.0637290477753
200.0.206.137;85.23.168.77;0.265735864639
136.145.115.194;72.36.112.78;0.0660889148712
193.157.115.251;195.130.124.2;0.0863831043243
195.130.124.2;72.36.112.78;0.188822984695
85.23.168.77;72.36.112.78;0.142431974411
130.195.4.68;13.7.64.22;0.183807134628
139.30.240.192;72.36.112.78;0.141242027283
139.30.240.192;212.199.61.205;0.115624904633
139.19.158.227;129.69.210.97;0.0206849575043
88.197.53.226;150.244.58.161;0.0659039020538
195.130.124.2;193.10.64.36;0.0837850570679
13.7.64.22;195.113.161.14;0.180700063705
129.97.74.14;130.195.4.68;0.225641012192
193.1.170.135;139.30.240.192;0.0419418811798
192.42.43.23;200.0.206.137;0.241150140762
192.42.43.23;88.197.53.226;0.0459270477295
88.255.99.251;198.133.224.149;0.184041976929
200.129.132.19;193.157.115.251;0.33874297142
193.145.46.243;193.157.115.251;0.0703301429749
136.145.115.194;141.20.103.211;0.165596008301
136.145.115.194;139.78.141.245;0.0944168567657
136.145.115.194;85.23.168.77;0.189522981644
200.0.206.137;193.1.170.135;0.249907970428
192.1.249.138;200.0.206.137;0.150988101959
192.42.43.23;195.130.124.2;0.0537841320038
212.199.61.205;128.84.154.45;0.214736938477
192.1.249.138;85.23.168.77;0.116060972214
128.227.150.12;195.113.161.14;0.141787052155
139.30.240.192;193.10.64.36;0.0533170700073
193.157.115.251;193.0.109.23;0.0336859226227
136.145.115.194;192.41.135.219;0.1866710186
128.227.150.12;150.244.58.161;0.182453870773
160.80.221.39;150.244.58.161;0.0504810810089
161.106.240.18;129.69.210.97;0.0435111522675
192.42.43.23;200.129.132.19;0.313068151474
192.1.249.138;193.145.46.243;0.116482973099
192.42.43.23;139.30.240.192;0.0225169658661
139.78.141.245;161.106.240.18;0.160760879517
165.91.55.10;13.7.64.22;0.0487089157104
193.0.109.23;200.129.132.19;0.352015018463
130.195.4.68;129.69.210.97;0.305933952332
193.145.46.243;193.10.64.36;0.0708389282227
141.20.103.211;139.78.141.245;0.149551153183
193.167.187.186;193.0.109.23;0.0371160507202
193.1.170.135;193.145.46.243;0.0437109470367
85.23.168.77;195.130.124.2;0.111937999725
193.157.115.251;139.78.141.245;0.156553983688
200.17.202.194;200.129.132.19;0.0793561935425
129.97.74.14;192.36.94.3;0.125674009323
192.1.249.138;195.113.161.14;0.118942975998
139.19.158.227;CPU;0.0829238329238
141.20.103.211;88.197.53.226;0.0655138492584
160.80.221.39;195.130.124.2;0.0554099082947
198.133.224.149;192.41.135.219;0.151865959167
165.91.55.10;128.227.150.12;0.031888961792
150.244.58.161;129.97.74.14;0.155954122543
128.84.154.45;165.91.55.10;0.0513958930969
200.129.132.19;193.1.13.12;0.323575019836
195.113.161.14;193.167.187.186;0.0365040302277
193.10.64.36;160.80.221.39;0.0589380264282
193.157.115.251;193.145.46.243;0.0702638626099
192.41.135.219;13.7.64.22;0.1666431427
212.235.189.115;85.23.168.77;0.0585761070251
192.42.43.23;195.113.161.14;0.0170278549194
150.244.58.161;193.1.13.12;0.035973072052
212.235.189.115;198.133.224.149;0.150470018387
139.30.240.192;192.1.249.138;0.119540929794
165.91.55.10;88.197.53.226;0.187006950378
192.42.43.23;192.36.94.3;0.0451560020447
192.36.94.3;130.195.4.68;0.322767972946
202.112.28.100;88.255.99.251;0.810997009277
13.7.64.22;88.197.53.226;0.209290981293
192.36.94.3;72.36.112.78;0.138147115707
129.97.74.14;161.106.240.18;0.148672103882
193.10.64.36;139.19.158.227;0.0665781497955
72.36.112.78;192.42.43.23;0.125216007233
192.41.135.219;193.10.64.36;0.0545108318329
192.36.94.3;129.69.210.97;0.0633959770203
128.84.154.45;88.255.99.251;0.182151079178
192.41.135.219;212.199.61.205;0.0994780063629
88.197.53.226;195.130.124.2;0.00888299942017
198.133.224.149;165.91.55.10;0.0365068912506
200.17.202.194;160.80.221.39;0.271330118179
192.42.43.23;128.84.154.45;0.102983951569
139.19.158.227;200.17.202.194;0.258591890335
88.255.99.251;192.1.249.138;0.124620914459
198.133.224.149;128.227.150.12;0.0377178192139
130.195.4.68;200.129.132.19;0.4282579422
198.133.224.149;193.157.115.251;0.140227794647
195.130.124.2;128.84.154.45;0.152939081192
72.36.112.78;193.0.109.23;0.148650169373
198.133.224.149;192.36.94.3;0.145753145218
192.1.249.138;88.197.53.226;0.142822980881
202.112.28.100;129.97.74.14;0.266429901123
130.195.4.68;139.19.158.227;0.304121017456
129.97.74.14;193.157.115.251;0.122585058212
192.41.135.219;139.78.141.245;0.141301870346
193.1.13.12;165.91.55.10;0.151664972305
200.17.202.194;195.113.161.14;0.259519100189
160.80.221.39;88.255.99.251;0.0974650382996
139.19.158.227;195.113.161.14;0.0125479698181
161.106.240.18;198.133.224.149;0.145425081253
193.10.64.36;193.145.46.243;0.0705471038818
200.0.206.137;161.106.240.18;0.244611024857
150.244.58.161;195.113.161.14;0.0369889736176
193.0.109.23;212.199.61.205;0.123564004898
198.133.224.149;129.69.210.97;0.140885829926
193.1.170.135;198.133.224.149;0.146808862686
193.157.115.251;88.197.53.226;0.0782730579376
200.129.132.19;212.235.189.115;0.339641094208
129.97.74.14;192.41.135.219;0.124559164047
88.197.53.226;72.36.112.78;0.179221153259
193.0.109.23;13.7.64.22;0.186913967133
193.136.191.20;72.36.112.78;0.164144992828
130.195.4.68;195.113.161.14;0.304985046387
88.197.53.226;192.1.249.138;0.142893075943
130.195.4.68;128.227.150.12;0.195566892624
192.36.94.3;161.106.240.18;0.0566589832306
160.80.221.39;193.167.187.186;0.0676290988922
212.199.61.205;128.227.150.12;0.216034889221
150.244.58.161;212.235.189.115;0.0519030094147
193.1.170.135;200.129.132.19;0.322134971619
193.145.46.243;192.42.43.23;0.0351188182831
200.129.132.19;13.7.64.22;0.247661113739
212.199.61.205;193.1.13.12;0.121550798416
150.244.58.161;193.1.170.135;0.0385031700134
139.19.158.227;72.36.112.78;0.121814012527
88.197.53.226;193.167.187.186;0.0820169448853
88.255.99.251;139.19.158.227;0.0794138908386
161.106.240.18;72.36.112.78;0.146597146988
200.129.132.19;161.106.240.18;0.316992044449
139.30.240.192;195.113.161.14;0.0188539028168
192.36.94.3;212.199.61.205;0.121397018433
85.23.168.77;129.97.74.14;0.136831998825
13.7.64.22;193.157.115.251;0.19081902504
200.17.202.194;139.30.240.192;0.266142129898
128.227.150.12;128.84.154.45;0.0575039386749
136.145.115.194;193.10.64.36;0.170960903168
192.41.135.219;193.1.170.135;0.0275480747223
150.244.58.161;128.84.154.45;0.128869056702
88.255.99.251;202.112.28.100;0.850709915161
195.113.161.14;128.227.150.12;0.139613866806
193.10.64.36;165.91.55.10;0.156296014786
88.197.53.226;141.20.103.211;0.0653657913208
141.20.103.211;193.0.109.23;0.0470399856567
200.129.132.19;72.36.112.78;0.257677078247
193.0.109.23;193.157.115.251;0.0337679386139
139.78.141.245;193.145.46.243;0.162935018539
130.195.4.68;139.78.141.245;0.184323072433
193.0.109.23;193.1.13.12;0.0636448860168
198.133.224.149;72.36.112.78;0.00992894172668
136.145.115.194;193.157.115.251;0.177227020264
130.195.4.68;160.80.221.39;0.334761857986
198.133.224.149;136.145.115.194;0.0697259902954
193.0.109.23;139.19.158.227;0.0396609306335
212.199.61.205;88.255.99.251;0.154901981354
130.195.4.68;193.136.191.20;0.338742017746
192.41.135.219;88.197.53.226;0.0551888942719
128.227.150.12;129.69.210.97;0.159270048141
200.129.132.19;193.136.191.20;0.301739931107
141.20.103.211;193.1.13.12;0.0363528728485
72.36.112.78;129.97.74.14;0.0178050994873
193.1.170.135;192.36.94.3;0.0504729747772
193.1.13.12;192.41.135.219;0.0289812088013
200.129.132.19;193.0.109.23;0.351750850677
150.244.58.161;13.7.64.22;0.170913934708
139.78.141.245;200.129.132.19;0.272274971008
212.199.61.205;160.80.221.39;0.117644071579
193.157.115.251;13.7.64.22;0.190754175186
85.23.168.77;139.30.240.192;0.0632531642914
200.0.206.137;139.19.158.227;0.251570940018
193.10.64.36;72.36.112.78;0.135769128799
192.42.43.23;212.235.189.115;0.032112121582
200.0.206.137;128.84.154.45;0.154752969742
13.7.64.22;128.84.154.45;0.087110042572
200.17.202.194;192.42.43.23;0.248305082321
200.0.206.137;193.157.115.251;0.266003131866
128.84.154.45;212.199.61.205;0.209708929062
193.0.109.23;161.106.240.18;0.0604920387268
85.23.168.77;128.227.150.12;0.15593290329
141.20.103.211;129.97.74.14;0.130156993866
193.136.191.20;136.145.115.194;0.193338155746
212.199.61.205;139.30.240.192;0.132211923599
212.235.189.115;200.17.202.194;0.27446103096
139.19.158.227;192.41.135.219;0.0398190021515
139.30.240.192;200.129.132.19;0.330202102661
193.10.64.36;128.84.154.45;0.11350607872
192.42.43.23;13.7.64.22;0.165074110031
88.197.53.226;165.91.55.10;0.187663078308
139.30.240.192;13.7.64.22;0.171412944794
202.112.28.100;193.167.187.186;0.303497076035
160.80.221.39;212.199.61.205;0.117027997971
165.91.55.10;192.1.249.138;0.0594871044159
193.157.115.251;130.195.4.68;0.320605993271
161.106.240.18;195.130.124.2;0.0748918056488
85.23.168.77;200.17.202.194;0.26752114296
193.0.109.23;195.113.161.14;0.0194518566132
160.80.221.39;193.1.170.135;0.0518629550934
193.1.170.135;212.199.61.205;0.102566003799
128.84.154.45;161.106.240.18;0.119117975235
200.17.202.194;129.97.74.14;0.169934988022
161.106.240.18;193.145.46.243;0.0384821891785
193.145.46.243;202.112.28.100;0.222132921219
202.112.28.100;212.235.189.115;0.231537818909
212.235.189.115;212.199.61.205;0.11271905899
193.1.170.135;193.157.115.251;0.047914981842
200.0.206.137;193.10.64.36;0.263365983963
192.36.94.3;202.112.28.100;0.295463085175
13.7.64.22;139.30.240.192;0.171506881714
200.0.206.137;193.167.187.186;0.271034955978
200.129.132.19;85.23.168.77;0.321559906006
198.133.224.149;200.129.132.19;0.268042087555
195.113.161.14;212.199.61.205;0.104058980942
193.136.191.20;198.133.224.149;0.172577142715
193.136.191.20;165.91.55.10;0.171262979507
88.197.53.226;139.78.141.245;0.188910961151
200.17.202.194;192.36.94.3;0.277933120728
195.113.161.14;193.136.191.20;0.0468080043793
141.20.103.211;192.1.249.138;0.116542100906
193.167.187.186;160.80.221.39;0.065434217453
128.84.154.45;193.1.170.135;0.100753068924
160.80.221.39;212.235.189.115;0.0243599414825
160.80.221.39;139.30.240.192;0.0490529537201
85.23.168.77;128.84.154.45;0.128442049026
139.19.158.227;200.0.206.137;0.25134396553
128.227.150.12;165.91.55.10;0.0309100151062
195.113.161.14;128.84.154.45;0.123045921326
13.7.64.22;198.133.224.149;0.072548866272
72.36.112.78;200.17.202.194;0.192446947098
128.84.154.45;193.136.191.20;0.129875898361
200.17.202.194;150.244.58.161;0.226541042328
165.91.55.10;193.1.13.12;0.151952028275
136.145.115.194;128.84.154.45;0.0931050777435
141.20.103.211;85.23.168.77;0.0451140403748
192.42.43.23;129.97.74.14;0.114557981491
139.78.141.245;200.17.202.194;0.207129001617
193.0.109.23;136.145.115.194;0.199652910233
85.23.168.77;160.80.221.39;0.0702559947968
195.130.124.2;129.97.74.14;0.176916122437
139.19.158.227;193.167.187.186;0.0738060474396
129.97.74.14;193.167.187.186;0.133467912674
165.91.55.10;130.195.4.68;0.170068025589
200.129.132.19;130.195.4.68;0.428095817566
139.78.141.245;192.42.43.23;0.160825967789
193.136.191.20;193.1.170.135;0.0501878261566
193.167.187.186;200.0.206.137;0.270465135574
212.235.189.115;128.84.154.45;0.109553098679
193.145.46.243;193.1.170.135;0.0436949729919
139.78.141.245;85.23.168.77;0.155725002289
193.157.115.251;193.1.13.12;0.0491161346436
193.1.13.12;192.1.249.138;0.0938830375671
139.78.141.245;192.41.135.219;0.141366004944
72.36.112.78;CPU;0.136699507389
72.36.112.78;88.255.99.251;0.159001111984
129.97.74.14;128.84.154.45;0.0281050205231
160.80.221.39;CPU;0.21875
200.129.132.19;195.130.124.2;0.363035202026
193.136.191.20;141.20.103.211;0.0638401508331
212.199.61.205;88.197.53.226;0.148646831512
200.0.206.137;193.1.13.12;0.251319885254
198.133.224.149;193.1.13.12;0.176089048386
165.91.55.10;192.41.135.219;0.145889997482
139.30.240.192;193.157.115.251;0.0530669689178
139.78.141.245;13.7.64.22;0.0588531494141
161.106.240.18;200.17.202.194;0.251847028732
193.0.109.23;212.235.189.115;0.052148103714
88.197.53.226;160.80.221.39;0.0474479198456
88.197.53.226;129.97.74.14;0.165885925293
193.1.170.135;202.112.28.100;0.199043989182
193.1.13.12;192.36.94.3;0.0522677898407
193.136.191.20;192.41.135.219;0.0565299987793
161.106.240.18;202.112.28.100;0.204772949219
88.255.99.251;193.167.187.186;0.0886919498444
192.1.249.138;88.255.99.251;0.124825954437
193.10.64.36;128.227.150.12;0.151480913162
192.42.43.23;129.69.210.97;0.00566101074219
195.130.124.2;193.167.187.186;0.0906739234924
192.1.249.138;165.91.55.10;0.0596032142639
139.30.240.192;193.136.191.20;0.0705008506775
192.41.135.219;161.106.240.18;0.0221931934357
139.78.141.245;192.36.94.3;0.149033784866
192.42.43.23;193.10.64.36;0.0427391529083
160.80.221.39;193.0.109.23;0.0706391334534
129.97.74.14;202.112.28.100;0.26646900177
193.167.187.186;165.91.55.10;0.170820951462
192.42.43.23;193.0.109.23;0.0441560745239
192.36.94.3;88.197.53.226;0.0772409439087
200.17.202.194;202.112.28.100;0.401996135712
193.157.115.251;129.97.74.14;0.122943162918
200.129.132.19;192.1.249.138;0.219587087631
195.130.124.2;192.36.94.3;0.0852329730988
193.167.187.186;130.195.4.68;0.323732852936
193.145.46.243;72.36.112.78;0.148474931717
195.113.161.14;192.41.135.219;0.0263688564301
195.113.161.14;88.197.53.226;0.0433008670807
141.20.103.211;129.69.210.97;0.0172770023346
85.23.168.77;200.129.132.19;0.321758985519
139.78.141.245;193.0.109.23;0.162529945374
139.19.158.227;128.84.154.45;0.132878065109
160.80.221.39;128.227.150.12;0.19846701622
139.78.141.245;212.199.61.205;0.235439062119
192.1.249.138;193.1.170.135;0.0927360057831
128.227.150.12;192.41.135.219;0.176543951035
212.235.189.115;139.78.141.245;0.16855096817
165.91.55.10;200.129.132.19;0.267514944077
88.255.99.251;85.23.168.77;0.0915880203247
193.1.13.12;13.7.64.22;0.172785997391
200.17.202.194;193.10.64.36;0.274039983749
85.23.168.77;13.7.64.22;0.198027133942
193.10.64.36;129.69.210.97;0.0611000061035
150.244.58.161;192.41.135.219;0.0294930934906
130.195.4.68;85.23.168.77;0.322777986526
130.195.4.68;72.36.112.78;0.197694063187
198.133.224.149;139.78.141.245;0.0243148803711
128.227.150.12;193.1.13.12;0.158097982407
160.80.221.39;129.97.74.14;0.15274810791
198.133.224.149;13.7.64.22;0.0750749111176
192.42.43.23;200.17.202.194;0.24834394455
193.0.109.23;165.91.55.10;0.159843921661
212.199.61.205;192.36.94.3;0.133920907974
195.113.161.14;193.0.109.23;0.0193190574646
193.145.46.243;193.0.109.23;0.0735020637512
212.235.189.115;139.19.158.227;0.0341100692749
136.145.115.194;160.80.221.39;0.201980113983
198.133.224.149;139.19.158.227;0.151450872421
161.106.240.18;85.23.168.77;0.0514938831329
136.145.115.194;129.97.74.14;0.08256483078
200.129.132.19;139.30.240.192;0.330196857452
200.129.132.19;88.197.53.226;0.353619813919
88.255.99.251;195.130.124.2;0.103289842606
198.133.224.149;195.130.124.2;0.207383871078
128.84.154.45;CPU;0.141791044776
88.255.99.251;150.244.58.161;0.0881021022797
88.255.99.251;139.30.240.192;0.0811879634857
193.157.115.251;193.136.191.20;0.0764729976654
192.36.94.3;212.235.189.115;0.0535910129547
88.255.99.251;193.157.115.251;0.083792924881
192.1.249.138;193.10.64.36;0.103323936462
128.84.154.45;195.113.161.14;0.12091588974
129.97.74.14;198.133.224.149;0.0207991600037
192.42.43.23;85.23.168.77;0.0550711154938
141.20.103.211;198.133.224.149;0.145550012589
193.167.187.186;136.145.115.194;0.180037975311
161.106.240.18;128.84.154.45;0.120190858841
212.199.61.205;CPU;0.0894361633182
193.10.64.36;161.106.240.18;0.053946018219
193.0.109.23;192.42.43.23;0.0443561077118
193.10.64.36;141.20.103.211;0.0466301441193
198.133.224.149;212.199.61.205;0.217501163483
129.97.74.14;150.244.58.161;0.155690908432
192.1.249.138;13.7.64.22;0.0851249694824
193.10.64.36;195.113.161.14;0.0295960903168
72.36.112.78;128.227.150.12;0.0417520999908
165.91.55.10;139.78.141.245;0.0194470882416
129.97.74.14;195.130.124.2;0.176419973373
88.197.53.226;193.145.46.243;0.0751860141754
165.91.55.10;198.133.224.149;0.0330581665039
212.199.61.205;192.41.135.219;0.11171412468
130.195.4.68;193.0.109.23;0.32736492157
193.145.46.243;13.7.64.22;0.184505939484
160.80.221.39;85.23.168.77;0.0707318782806
130.195.4.68;193.1.13.12;0.328025102615
129.97.74.14;193.10.64.36;0.1200299263
202.112.28.100;128.84.154.45;0.258110046387
193.10.64.36;192.1.249.138;0.103068828583
88.255.99.251;195.113.161.14;0.0717670917511
193.1.13.12;88.255.99.251;0.0670430660248
192.1.249.138;136.145.115.194;0.0698099136353
202.112.28.100;192.41.135.219;0.20600605011
193.136.191.20;193.1.13.12;0.0514199733734
88.197.53.226;193.157.115.251;0.0785069465637
192.42.43.23;130.195.4.68;0.336201906204
136.145.115.194;195.130.124.2;0.244893074036
193.1.170.135;129.69.210.97;0.0490720272064
212.199.61.205;165.91.55.10;0.21009516716
200.0.206.137;13.7.64.22;0.18009185791
139.78.141.245;130.195.4.68;0.184414863586
192.1.249.138;139.30.240.192;0.11950302124
212.199.61.205;129.97.74.14;0.235136985779
212.199.61.205;200.0.206.137;0.310645103455
165.91.55.10;85.23.168.77;0.171141147614
88.197.53.226;193.136.191.20;0.0755989551544
193.136.191.20;128.227.150.12;0.185940027237
128.84.154.45;139.30.240.192;0.118676900864
193.145.46.243;130.195.4.68;0.366567850113
160.80.221.39;13.7.64.22;0.184442043304
139.30.240.192;202.112.28.100;0.219270944595
193.1.170.135;193.1.13.12;0.00268793106079
192.1.249.138;CPU;0.0459627329193
85.23.168.77;139.78.141.245;0.155669212341
139.19.158.227;13.7.64.22;0.166174173355
195.113.161.14;202.112.28.100;0.212727069855
212.199.61.205;202.112.28.100;0.7091319561
200.0.206.137;212.235.189.115;0.267268896103
129.97.74.14;CPU;0.20245398773
193.167.187.186;198.133.224.149;0.144114971161
193.0.109.23;88.255.99.251;0.102926969528
200.129.132.19;198.133.224.149;0.268491029739
128.227.150.12;200.17.202.194;0.196929931641
195.113.161.14;192.36.94.3;0.0317687988281
193.157.115.251;202.112.28.100;0.295917987823
139.19.158.227;193.136.191.20;0.0837740898132
202.112.28.100;212.199.61.205;0.696933984756
150.244.58.161;139.30.240.192;0.0427689552307
195.130.124.2;85.23.168.77;0.115500926971
161.106.240.18;195.113.161.14;0.0331909656525
129.97.74.14;193.145.46.243;0.152983188629
193.1.13.12;136.145.115.194;0.192141056061
130.195.4.68;192.42.43.23;0.336605072021
200.129.132.19;193.167.187.186;0.347388029099
192.36.94.3;129.97.74.14;0.125682115555
161.106.240.18;192.1.249.138;0.113723993301
212.199.61.205;195.130.124.2;0.154793977737
128.227.150.12;160.80.221.39;0.195285797119
212.199.61.205;129.69.210.97;0.104711055756
130.195.4.68;161.106.240.18;0.33850312233
161.106.240.18;139.19.158.227;0.0466499328613
72.36.112.78;193.10.64.36;0.135464906693
193.1.13.12;72.36.112.78;0.143232107162
195.130.124.2;139.19.158.227;0.0674450397491
161.106.240.18;13.7.64.22;0.174407958984
193.136.191.20;139.19.158.227;0.0837099552155
165.91.55.10;195.130.124.2;0.211614847183
13.7.64.22;192.1.249.138;0.0867450237274
202.112.28.100;130.195.4.68;0.308884143829
200.129.132.19;160.80.221.39;0.335368156433
202.112.28.100;160.80.221.39;0.225865125656
88.255.99.251;13.7.64.22;0.200492143631
130.195.4.68;165.91.55.10;0.259078025818
192.41.135.219;72.36.112.78;0.127294063568
193.10.64.36;202.112.28.100;0.296157836914
193.145.46.243;139.30.240.192;0.0517630577087
150.244.58.161;193.0.109.23;0.0645158290863
200.17.202.194;212.199.61.205;0.308189868927
160.80.221.39;88.197.53.226;0.0478057861328
141.20.103.211;212.235.189.115;0.0414428710938
150.244.58.161;161.106.240.18;0.0292389392853
192.1.249.138;139.78.141.245;0.0456800460815
193.157.115.251;193.10.64.36;0.00897192955017
141.20.103.211;193.10.64.36;0.0468950271606
193.145.46.243;139.19.158.227;0.0453670024872
193.1.13.12;161.106.240.18;0.0287561416626
130.195.4.68;212.235.189.115;0.330315828323
195.130.124.2;202.112.28.100;0.253925085068
85.23.168.77;195.113.161.14;0.0511748790741
195.130.124.2;200.0.206.137;0.289083003998
192.36.94.3;193.10.64.36;0.0042200088501
193.1.170.135;72.36.112.78;0.142204999924
192.36.94.3;192.1.249.138;0.112299919128
136.145.115.194;193.145.46.243;0.205564022064
165.91.55.10;195.113.161.14;0.138021945953
192.1.249.138;130.195.4.68;0.246866226196
193.167.187.186;192.1.249.138;0.113503932953
88.197.53.226;88.255.99.251;0.0983319282532
212.235.189.115;193.1.13.12;0.0549070835114
200.17.202.194;193.136.191.20;0.236416816711
212.235.189.115;130.195.4.68;0.330753087997
193.145.46.243;141.20.103.211;0.0528280735016
192.36.94.3;150.244.58.161;0.0638029575348
193.157.115.251;139.30.240.192;0.0533361434937
192.41.135.219;129.97.74.14;0.124471187592
202.112.28.100;139.19.158.227;0.232739925385
136.145.115.194;198.133.224.149;0.069580078125
193.0.109.23;139.30.240.192;0.0460278987885
195.130.124.2;200.17.202.194;0.296270132065
212.199.61.205;192.42.43.23;0.110813140869
193.0.109.23;193.136.191.20;0.074373960495
139.30.240.192;128.84.154.45;0.118854999542
85.23.168.77;129.69.210.97;0.042760848999
141.20.103.211;193.157.115.251;0.0466570854187
193.1.13.12;129.69.210.97;0.0505068302155
165.91.55.10;CPU;0.162775402828
195.130.124.2;141.20.103.211;0.0752699375153
136.145.115.194;193.1.13.12;0.194359064102
161.106.240.18;193.0.109.23;0.0601739883423
85.23.168.77;193.136.191.20;0.0890851020813
195.113.161.14;195.130.124.2;0.054053068161
193.136.191.20;193.157.115.251;0.0767538547516
88.197.53.226;161.106.240.18;0.0623180866241
193.10.64.36;200.0.206.137;0.263480901718
202.112.28.100;195.130.124.2;0.253428936005
130.195.4.68;129.97.74.14;0.225339174271
195.113.161.14;192.1.249.138;0.118988990784
139.19.158.227;160.80.221.39;0.0420699119568
139.19.158.227;139.78.141.245;0.142246007919
150.244.58.161;88.197.53.226;0.0659790039062
141.20.103.211;CPU;0.00249843847595
13.7.64.22;193.1.170.135;0.169462919235
193.167.187.186;195.130.124.2;0.0897738933563
150.244.58.161;88.255.99.251;0.0917139053345
193.1.13.12;CPU;0.126013724267
193.136.191.20;192.42.43.23;0.044380903244
193.10.64.36;193.1.170.135;0.048122882843
85.23.168.77;193.0.109.23;0.0425639152527
192.42.43.23;160.80.221.39;0.0292239189148
195.130.124.2;129.69.210.97;0.0694830417633
129.97.74.14;141.20.103.211;0.129334926605
200.129.132.19;212.199.61.205;0.387486934662
200.0.206.137;192.36.94.3;0.269234895706
128.227.150.12;193.0.109.23;0.158400774002
128.227.150.12;192.42.43.23;0.15836596489
193.1.13.12;139.19.158.227;0.0562679767609
139.30.240.192;193.145.46.243;0.0517899990082
195.130.124.2;192.41.135.219;0.0630488395691
192.1.249.138;202.112.28.100;0.29514503479
193.10.64.36;88.197.53.226;0.0746810436249
193.157.115.251;192.1.249.138;0.106523990631
128.84.154.45;202.112.28.100;0.258285045624
200.129.132.19;150.244.58.161;0.291759967804
160.80.221.39;198.133.224.149;0.15598487854
193.145.46.243;88.255.99.251;0.101953983307
192.1.249.138;212.235.189.115;0.141139030457
200.129.132.19;202.112.28.100;0.467016935349
200.129.132.19;139.19.158.227;0.323825120926
72.36.112.78;198.133.224.149;0.010097026825
141.20.103.211;150.244.58.161;0.0432641506195
192.36.94.3;139.19.158.227;0.0693340301514
195.113.161.14;130.195.4.68;0.305369138718
193.1.170.135;150.244.58.161;0.0344531536102
128.84.154.45;72.36.112.78;0.0293869972229
193.1.13.12;193.167.187.186;0.0563058853149
85.23.168.77;136.145.115.194;0.187149047852
165.91.55.10;136.145.115.194;0.0927529335022
193.136.191.20;161.106.240.18;0.0564360618591
192.41.135.219;85.23.168.77;0.0498931407928
193.1.170.135;193.167.187.186;0.0549671649933
129.97.74.14;165.91.55.10;0.15918302536
192.36.94.3;136.145.115.194;0.173431873322
128.84.154.45;193.0.109.23;0.127859115601
129.97.74.14;85.23.168.77;0.136667013168
193.167.187.186;200.129.132.19;0.345942974091
195.113.161.14;141.20.103.211;0.0196409225464
165.91.55.10;212.235.189.115;0.162609100342
212.235.189.115;192.36.94.3;0.0534360408783
161.106.240.18;130.195.4.68;0.340518951416
128.84.154.45;195.130.124.2;0.152503013611
193.157.115.251;128.84.154.45;0.111507177353
192.1.249.138;193.157.115.251;0.10669708252
200.0.206.137;150.244.58.161;0.219450950623
212.235.189.115;200.129.132.19;0.339998006821
72.36.112.78;88.197.53.226;0.179090023041
193.145.46.243;212.235.189.115;0.0612831115723
202.112.28.100;193.1.13.12;0.200459003448
212.199.61.205;198.133.224.149;0.228092908859
195.130.124.2;150.244.58.161;0.0737311840057
193.157.115.251;CPU;0.0229244114002
85.23.168.77;212.199.61.205;0.134429931641
192.36.94.3;193.0.109.23;0.0328068733215
160.80.221.39;193.10.64.36;0.0582141876221
193.157.115.251;136.145.115.194;0.176935911179
200.17.202.194;193.1.170.135;0.257187128067
128.227.150.12;195.130.124.2;0.209614038467
128.84.154.45;150.244.58.161;0.126751184464
128.84.154.45;192.1.249.138;0.0120148658752
193.1.170.135;88.197.53.226;0.0671620368958
192.1.249.138;129.97.74.14;0.0341529846191
128.227.150.12;139.19.158.227;0.150871038437
139.78.141.245;139.19.158.227;0.142314910889
130.195.4.68;150.244.58.161;0.343040943146
72.36.112.78;200.129.132.19;0.258192777634
128.84.154.45;139.19.158.227;0.131999015808
192.36.94.3;200.129.132.19;0.338301897049
193.1.170.135;139.19.158.227;0.0550560951233
128.84.154.45;85.23.168.77;0.128979921341
192.1.249.138;139.19.158.227;0.110538005829
192.36.94.3;85.23.168.77;0.0164029598236
160.80.221.39;141.20.103.211;0.0498900413513
13.7.64.22;150.244.58.161;0.170255184174
202.112.28.100;141.20.103.211;0.212360143661
139.78.141.245;141.20.103.211;0.149500846863
212.235.189.115;192.41.135.219;0.0413370132446
195.113.161.14;200.17.202.194;0.259525060654
212.235.189.115;128.227.150.12;0.165247917175
193.157.115.251;193.167.187.186;0.015909910202
165.91.55.10;88.255.99.251;0.167314052582
200.0.206.137;198.133.224.149;0.179800033569
200.0.206.137;193.145.46.243;0.228989124298
85.23.168.77;200.0.206.137;0.265893936157
192.1.249.138;192.42.43.23;0.100383996964
202.112.28.100;193.0.109.23;0.23988699913
88.197.53.226;193.1.13.12;0.0687630176544
193.136.191.20;88.255.99.251;0.108600139618
160.80.221.39;192.1.249.138;0.119142055511
129.97.74.14;72.36.112.78;0.0176639556885
129.97.74.14;193.0.109.23;0.128651857376
139.30.240.192;88.255.99.251;0.0826787948608
128.227.150.12;192.1.249.138;0.0452320575714
202.112.28.100;192.42.43.23;0.203576087952
85.23.168.77;192.42.43.23;0.0553860664368
139.19.158.227;165.91.55.10;0.163227081299
193.145.46.243;198.133.224.149;0.18569111824
128.84.154.45;88.197.53.226;0.154968976974
200.0.206.137;193.0.109.23;0.279523134232
128.84.154.45;130.195.4.68;0.221524000168
195.130.124.2;88.255.99.251;0.100413799286
139.30.240.192;160.80.221.39;0.0458369255066
72.36.112.78;128.84.154.45;0.0287449359894
88.197.53.226;130.195.4.68;0.368837118149
160.80.221.39;200.17.202.194;0.273041009903
198.133.224.149;193.0.109.23;0.143360137939
13.7.64.22;200.129.132.19;0.247169017792
193.157.115.251;85.23.168.77;0.0210402011871
198.133.224.149;193.167.187.186;0.144195079803
192.42.43.23;136.145.115.194;0.162909984589
212.199.61.205;200.129.132.19;0.38923406601
161.106.240.18;139.30.240.192;0.0488939285278
165.91.55.10;193.10.64.36;0.155833005905
193.157.115.251;192.41.135.219;0.0540170669556
193.1.13.12;192.42.43.23;0.0271890163422
212.235.189.115;72.36.112.78;0.156553030014
192.36.94.3;139.78.141.245;0.149152994156
72.36.112.78;13.7.64.22;0.0774970054626
193.1.13.12;160.80.221.39;0.0534610748291
139.19.158.227;130.195.4.68;0.304460048676
193.10.64.36;CPU;0.03
130.195.